company_name,industry,website,city,state,zip_code,phone,year_incorporated,company_age_years,executive_officers,board_directors,total_funding,latest_funding_amount,latest_funding_stage,latest_funding_date,Total Approvals,Total Denials,Approval_Rate,median_salary_offered,top_job_titles_sponsored
Lumen Byte Inc,Software,lumenbyte.example,Boston,MA,02110,,2019,7,,,12000000,12000000,Series A,2025-06-15,25.0,1.0,0.962,,"['Software Engineer', 'Senior Software Engineer']"
Quiet Harbor Labs Inc,Software,quietharbor.example,Boston,MA,02110,,2019,7,,,30000000,30000000,Series B,2025-01-10,12.0,0.0,1.0,,['Machine Learning Engineer']
Ghost Slug Corp,Software,ghostslug.example,Boston,MA,02110,,2019,7,,,5000000,5000000,Seed,2024-11-01,8.0,0.0,1.0,,['Software Developer']
Flaky Board Inc,Software,flakyboard.example,Boston,MA,02110,,2019,7,,,4000000,4000000,Seed,2025-03-01,5.0,0.0,1.0,,['Software Engineer']
Old Money Software LLC,Software,oldmoney.example,Boston,MA,02110,,2019,7,,,9000000,9000000,Series C,2019-05-01,30.0,2.0,0.938,,['Software Engineer']
No Sponsor Apps Inc,Software,nosponsor.example,Boston,MA,02110,,2019,7,,,3000000,3000000,Seed,2025-02-01,0.0,0.0,,,
Hardware Only Inc,Software,hardwareonly.example,Boston,MA,02110,,2019,7,,,15000000,15000000,Series B,2025-02-01,40.0,3.0,0.93,,"['Electrical Engineer', 'Hardware Engineer']"
Mismatch Name Inc,Software,mismatchname.example,Boston,MA,02110,,2019,7,,,8000000,8000000,Series A,2025-02-01,15.0,0.0,1.0,,['Software Engineer']
Weak Sponsor Inc,Software,weaksponsor.example,Boston,MA,02110,,2019,7,,,2000000,2000000,Seed,2025-04-01,2.0,0.0,1.0,,['Software Engineer']
Abroad Only Inc,Software,abroadonly.example,Boston,MA,02110,,2019,7,,,6000000,6000000,Series A,2025-05-01,6.0,0.0,1.0,,['Software Engineer']
